city_tag,city_index,city_name,n_nodes,m_edges_multi,m_edges_simple,density_simple,avg_degree_simple,avg_degree_multi,n_components,giant_component_frac,transitivity,mean_distance,median_distance,p90_distance,diameter,modularity_louvain,n_communities_louvain,modularity_infomap,n_communities_infomap,mean_edge_multiplicity,max_edge_multiplicity
1_buenos-aires,1,buenos-aires,793,185,182,0.000579566153336645,0.459016393442623,0.466582597730139,614,0.0920554854981084,0.0154639175257732,9.48592085235921,9,16,26,0.918503200096606,618,0.887906049993962,628,1.01648351648352,2
4_santiago-de-chile,4,santiago-de-chile,429,385,174,0.00189530096072152,0.811188811188811,1.7948717948718,293,0.247086247086247,0.0857142857142857,5.36729559748428,5,8,15,0.741181133571145,300,0.715996168582376,309,2.21264367816092,9
7_algiers,7,algiers,49,17,12,0.0102040816326531,0.489795918367347,0.693877551020408,37,0.142857142857143,0,2.38095238095238,2,4,5,0.649305555555556,38,0.611111111111111,37,1.41666666666667,4
8_amsterdam,8,amsterdam,114,27,17,0.00263934171712467,0.298245614035088,0.473684210526316,98,0.140350877192982,0.125,3.4,3,5,7,0.52076124567474,100,0.52076124567474,100,1.58823529411765,3
9_ankara,9,ankara,77,16,14,0.00478468899521531,0.363636363636364,0.415584415584416,63,0.142857142857143,0,3.74545454545455,3,7,9,0.630102040816326,65,0.619897959183674,64,1.14285714285714,2
11_athens,11,athens,253,322,120,0.00376435159043855,0.948616600790514,2.54545454545455,162,0.355731225296443,0.121621621621622,6.2896379525593,6,10,16,0.702638888888889,170,0.6934375,175,2.68333333333333,15
13_bangkok,13,bangkok,222,21,21,0.000856059679589091,0.189189189189189,0.189189189189189,201,0.036036036036036,0,2.21428571428571,2,3,4,0.77891156462585,202,0.775510204081632,201,1,1
14_barcelona,14,barcelona,440,211,144,0.00149099192379375,0.654545454545455,0.959090909090909,306,0.277272727272727,0.0143540669856459,10.2732692047148,10,17,25,0.801866319444445,315,0.776765046296296,325,1.46527777777778,4
15_beijing,15,beijing,573,101,99,0.000604107933950866,0.345549738219895,0.352530541012216,477,0.0191972076788831,0.038961038961039,2.90909090909091,3,5,7,0.945617794102643,477,0.93531272319151,479,1.02020202020202,2
21_bogota,21,bogota,204,21,21,0.00101419878296146,0.205882352941176,0.205882352941176,183,0.0392156862745098,0,2.53571428571429,2,4,5,0.819727891156463,184,0.816326530612245,183,1,1
22_mumbai,22,mumbai,408,52,47,0.00056607409548586,0.230392156862745,0.254901960784314,361,0.0343137254901961,0,4.47252747252747,4,8,11,0.870755998189226,362,0.871661385242191,362,1.1063829787234,3
23_bordeaux,23,bordeaux,237,181,172,0.00615032539512265,1.45147679324895,1.52742616033755,75,0.354430379746835,0,14.8304647160069,13,29,40,0.82750811249324,85,0.798979177934018,97,1.05232558139535,2
26_bristol,26,bristol,6,0,0,0,0,0,6,0.166666666666667,,,,,,,,,,,
27_brussels,27,brussels,163,185,89,0.00674089222146482,1.0920245398773,2.26993865030675,92,0.411042944785276,0.0436893203883495,4.55585707824514,5,7,10,0.667150612296427,99,0.650738543113243,103,2.07865168539326,9
28_bucharest,28,bucharest,62,24,22,0.0116340560549974,0.709677419354839,0.774193548387097,40,0.306451612903226,0,5.08771929824561,5,9,13,0.662190082644628,42,0.660123966942149,44,1.09090909090909,2
29_budapest,29,budapest,47,10,10,0.00925069380203515,0.425531914893617,0.425531914893617,37,0.170212765957447,0,2.39285714285714,2,4,5,0.585,38,0.585,38,1,1
30_cairo,30,cairo,148,11,11,0.00101121529692958,0.148648648648649,0.148648648648649,137,0.0337837837837838,0,1.8,2,3,3,0.793388429752066,137,0.793388429752066,137,1,1
31_calcutta,31,calcutta,67,24,24,0.0108548168249661,0.716417910447761,0.716417910447761,43,0.373134328358209,0,6.99333333333333,6,13,19,0.620659722222222,48,0.619791666666667,48,1,1
32_guangzhou,32,guangzhou,438,158,158,0.00165094093184122,0.721461187214612,0.721461187214612,285,0.296803652968037,0,17.1051878354204,15,32,53,0.847800833199808,294,0.817797628585162,305,1,1
34_caracas,34,caracas,9,2,2,0.0555555555555556,0.444444444444444,0.444444444444444,7,0.333333333333333,0,1.33333333333333,1,2,2,0,7,0,7,1,1
37_chongqing,37,chongqing,391,171,170,0.00222965440356745,0.869565217391304,0.874680306905371,222,0.163682864450128,0,16.4469246031746,15,33,46,0.878754325259516,231,0.836608996539793,244,1.00588235294118,2
39_cordoba,39,cordoba,11,1,1,0.0181818181818182,0.181818181818182,0.181818181818182,10,0.181818181818182,,1,1,1,1,0,10,0,10,1,1
43_dublin,43,dublin,24,9,4,0.0144927536231884,0.333333333333333,0.75,20,0.166666666666667,0,1.66666666666667,1.5,2.9,3,0.40625,21,0.375,20,2.25,4
45_edinburgh,45,edinburgh,27,2,2,0.0056980056980057,0.148148148148148,0.148148148148148,25,0.0740740740740741,,1,1,1,1,0.5,25,0.5,25,1,1
48_glasgow,48,glasgow,181,200,136,0.00834868017188459,1.50276243093923,2.20994475138122,52,0.574585635359116,0.0368098159509202,12.8924570575056,13,22,34,0.838073096885813,60,0.80806660899654,69,1.47058823529412,5
51_hamburg,51,hamburg,6,1,1,0.0666666666666667,0.333333333333333,0.333333333333333,5,0.333333333333333,,1,1,1,1,0,5,0,5,1,1
54_helsinki,54,helsinki,669,1777,588,0.00263150828388067,1.75784753363229,5.31240657698057,178,0.66965620328849,0.0759493670886076,20.3060011185682,16,42,87,0.874172798371049,195,0.813223078346986,239,3.02210884353742,17
56_hong-kong,56,hong-kong,249,63,47,0.00152221790387356,0.377510040160643,0.506024096385542,202,0.0481927710843374,0,3.71212121212121,3,7,9,0.89429606156632,203,0.894296061566319,203,1.34042553191489,4
59_jakarta,59,jakarta,577,390,329,0.00197982861544387,1.14038128249567,1.35181975736568,266,0.462738301559792,0.0262008733624454,17.2940497310692,16,30,48,0.877791225136501,281,0.83048937094077,307,1.1854103343465,4
63_kuala-lumpur,63,kuala-lumpur,239,44,30,0.00105481523153194,0.251046025104603,0.368200836820084,210,0.0460251046025105,0.111111111111111,3.05454545454545,3,5,6,0.815,211,0.819444444444445,211,1.46666666666667,5
64_la-paz,64,la-paz,42,10,10,0.0116144018583043,0.476190476190476,0.476190476190476,32,0.0714285714285714,0,1.33333333333333,1,2,2,0.86,32,0.86,32,1,1
66_lima,66,lima,31,3,3,0.00645161290322581,0.193548387096774,0.193548387096774,28,0.0967741935483871,0,1.33333333333333,1,2,2,0.444444444444444,28,0.444444444444444,28,1,1
67_lisbon,67,lisbon,56,19,19,0.0123376623376623,0.678571428571429,0.678571428571429,37,0.178571428571429,0,3.13333333333333,3,5,7,0.718836565096953,38,0.735457063711911,38,1,1
69_london,69,london,915,732,435,0.00104028410517631,0.950819672131147,1.6,532,0.383606557377049,0.0334728033472803,11.0137891737892,11,17,26,0.838514995375875,548,0.790751750561501,582,1.68275862068966,7
70_lyons,70,lyons,162,60,59,0.00452419292999003,0.728395061728395,0.740740740740741,104,0.308641975308642,0,7.57714285714286,7,13,20,0.768026429187015,111,0.753519103705832,113,1.01694915254237,2
71_madrid,71,madrid,572,508,218,0.00133491727186999,0.762237762237762,1.77622377622378,369,0.321678321678322,0.0272727272727273,11.1555595153243,10,19,32,0.843973571248211,381,0.815219678478242,396,2.3302752293578,15
72_manchester,72,manchester,2,1,1,1,1,1,1,1,,1,1,1,1,0,1,0,1,1,1
73_manila,73,manila,158,27,26,0.00209626703216964,0.329113924050633,0.341772151898734,132,0.0632911392405063,0,3.66666666666667,3,7,9,0.817307692307692,133,0.820266272189349,133,1.03846153846154,2
74_marseilles,74,marseilles,155,116,72,0.00603267700041894,0.929032258064516,1.49677419354839,92,0.374193548387097,0.155172413793103,8.06896551724138,8,14,20,0.777874228395062,100,0.76514274691358,102,1.61111111111111,4
77_melbourne,77,melbourne,294,183,107,0.00248427015857538,0.727891156462585,1.24489795918367,200,0.248299319727891,0.0913705583756345,5.87899543378995,6,9,14,0.780854223076252,206,0.75792645645908,212,1.71028037383178,12
78_mexico-city,78,mexico-city,467,52,52,0.000477892860096865,0.222698072805139,0.222698072805139,415,0.012847965738758,0,1.86666666666667,2,3,3,0.95414201183432,415,0.95414201183432,415,1,1
79_milan,79,milan,254,65,57,0.0017739877376988,0.448818897637795,0.511811023622047,197,0.0551181102362205,0,4.65934065934066,4,9,11,0.857186826715913,199,0.852723915050785,200,1.14035087719298,4
80_montevideo,80,montevideo,4,1,1,0.166666666666667,0.5,0.5,3,0.5,,1,1,1,1,0,3,0,3,1,1
81_moscow,81,moscow,463,395,332,0.0031041672510355,1.4341252699784,1.70626349892009,180,0.602591792656587,0.0161870503597122,10.3623939558031,10,16,28,0.792640441283205,193,0.749845768616635,221,1.18975903614458,3
82_munich,82,munich,388,324,168,0.00223767282026692,0.865979381443299,1.67010309278351,253,0.335051546391753,0.128834355828221,9.90840787119857,9,17,28,0.795564058956916,263,0.770071570294784,272,1.92857142857143,10
84_nagoya,84,nagoya,787,431,175,0.000565810191696493,0.444726810673443,1.09529860228717,617,0.071156289707751,0.046875,8.53311688311688,8,15,23,0.903216326530612,623,0.874889795918367,632,2.46285714285714,8
86_nanjing,86,nanjing,264,119,119,0.00342781426431617,0.901515151515152,0.901515151515152,146,0.25,0,13.4237762237762,13,24,36,0.843019560765483,154,0.81113621919356,163,1,1
87_naples,87,naples,183,52,47,0.00282231429772413,0.513661202185792,0.568306010928962,138,0.0765027322404372,0.0566037735849057,3.57142857142857,4,6,8,0.78700769578995,140,0.77636939791761,142,1.1063829787234,2
88_new-delhi,88,new-delhi,334,115,113,0.00203197209185233,0.676646706586826,0.688622754491018,221,0.236526946107784,0,12.8114248620578,12,23,35,0.839180828569191,228,0.807424230558384,237,1.01769911504425,2
89_newcastle-on-tyne,89,newcastle-on-tyne,57,8,8,0.0050125313283208,0.280701754385965,0.280701754385965,49,0.0701754385964912,0,1.66666666666667,1.5,2.9,3,0.71875,49,0.71875,49,1,1
91_osaka,91,osaka,1333,314,301,0.0003390487261455,0.451612903225806,0.471117779444861,1035,0.0195048762190548,0.0403587443946188,6.19692307692308,6,11,15,0.978730919084779,1035,0.971617311067207,1039,1.04318936877076,4
95_paris,95,paris,827,306,252,0.00073781075154223,0.609431680773882,0.740024183796856,594,0.0773881499395405,0.104956268221574,13.0982142857143,12,25,38,0.916509196271101,599,0.875803099017385,618,1.21428571428571,2
99_prague,99,prague,46,16,11,0.0106280193236715,0.478260869565217,0.695652173913044,36,0.195652173913043,0.25,2.63888888888889,2.5,4.90000000000001,6,0.549586776859504,38,0.541322314049587,37,1.45454545454545,2
102_rio-de-janeiro,102,rio-de-janeiro,120,66,51,0.00714285714285714,0.85,1.1,70,0.308333333333333,0,7.54354354354354,7,13,17,0.773548635140331,74,0.769703960015379,76,1.29411764705882,5
103_rome,103,rome,121,22,22,0.00303030303030303,0.363636363636364,0.363636363636364,99,0.0661157024793388,0,2.71428571428571,2.5,5,6,0.78202479338843,100,0.78202479338843,100,1,1
104_salvador,104,salvador,18,15,15,0.0980392156862745,1.66666666666667,1.66666666666667,3,0.888888888888889,0,4.99166666666667,4.5,9.09999999999999,12,0.535555555555556,6,0.54,6,1,1
105_st-petersburg,105,st-petersburg,77,44,39,0.0133287764866712,1.01298701298701,1.14285714285714,38,0.311688311688312,0,4.64492753623188,5,7.90000000000003,10,0.751479289940829,41,0.719592373438527,45,1.12820512820513,2
106_sao-paulo,106,sao-paulo,272,83,80,0.00217060994139353,0.588235294117647,0.610294117647059,194,0.132352941176471,0,7.43492063492064,7,14,20,0.885859375,197,0.87890625,199,1.0375,2
107_shanghai,107,shanghai,528,77,74,0.00053188430797539,0.28030303030303,0.291666666666667,454,0.0208333333333333,0,3.2,3,6,7,0.920745069393718,454,0.910153396639883,456,1.04054054054054,2
108_singapore,108,singapore,286,54,53,0.00130045393203288,0.370629370629371,0.377622377622378,233,0.0909090909090909,0,6.16307692307692,6,12,17,0.814168743325027,237,0.804200783196867,239,1.0188679245283,2
109_sofia,109,sofia,47,24,13,0.0120259019426457,0.553191489361702,1.02127659574468,34,0.25531914893617,0,4.09090909090909,4,8,10,0.582840236686391,36,0.582840236686391,36,1.84615384615385,3
110_stockholm,110,stockholm,60,61,34,0.0192090395480226,1.13333333333333,2.03333333333333,30,0.5,0.166666666666667,5.35632183908046,5,9,13,0.685121107266436,34,0.676470588235294,36,1.79411764705882,5
111_sydney,111,sydney,238,92,53,0.00187923270574052,0.445378151260504,0.773109243697479,192,0.176470588235294,0.0348837209302326,4.94425087108014,5,8,11,0.661089355642577,196,0.674261302954788,200,1.73584905660377,5
113_teheran,113,teheran,163,22,22,0.00166628796485647,0.269938650306748,0.269938650306748,141,0.0306748466257669,0,2,2,3.1,4,0.863636363636364,141,0.863636363636364,141,1,1
114_tokyo,114,tokyo,3715,1064,963,0.000139590404355569,0.518438761776582,0.572812920592194,2763,0.125706594885599,0.00890207715133531,20.2486373390558,20,32,59,0.960838134550545,2777,0.920643778258708,2829,1.1048805815161,3
116_venice,116,venice,16,2,2,0.0166666666666667,0.25,0.25,14,0.1875,0,1.33333333333333,1,2,2,0,14,0,14,1,1
118_vienna,118,vienna,103,64,61,0.0116124119550733,1.18446601941748,1.24271844660194,44,0.58252427184466,0,7.53502824858757,7,12,19,0.720236495565708,51,0.706799247514109,54,1.04918032786885,2
120_warsaw,120,warsaw,44,13,13,0.0137420718816068,0.590909090909091,0.590909090909091,31,0.181818181818182,0,3,3,5.5,7,0.624260355029586,32,0.624260355029586,32,1,1
121_wellington,121,wellington,25,3,3,0.01,0.24,0.24,22,0.16,0,1.5,1.5,2,2,0,22,0,22,1,1
123_monterrey,123,monterrey,2,0,0,0,0,0,2,0.5,,,,,,,,,,,
124_valparaiso,124,valparaiso,85,171,63,0.0176470588235294,1.48235294117647,4.02352941176471,32,0.388235294117647,0.205128205128205,3.72727272727273,4,6,9,0.745653817082388,35,0.72461577223482,38,2.71428571428571,13
126_guadalajara,126,guadalajara,20,2,2,0.0105263157894737,0.2,0.2,18,0.15,0,1.33333333333333,1,2,2,0,18,0,18,1,1
128_albuquerque,128,albuquerque,15,8,8,0.0761904761904762,1.06666666666667,1.06666666666667,7,0.6,0,3.33333333333333,3,6,8,0.3984375,9,0.3671875,8,1,1
131_atlanta,131,atlanta,50,26,17,0.0138775510204082,0.68,1.04,33,0.22,0,4,4,8,10,0.636678200692042,36,0.63840830449827,34,1.52941176470588,2
132_austin,132,austin,15,5,5,0.0476190476190476,0.666666666666667,0.666666666666667,10,0.333333333333333,0,2,2,3.1,4,0.42,11,0.32,10,1,1
134_baltimore,134,baltimore,58,42,42,0.0254083484573503,1.44827586206897,1.44827586206897,16,0.344827586206897,0,6.48947368421053,6,13,17,0.76984126984127,20,0.757369614512471,22,1,1
139_boston,139,boston,396,270,156,0.00199462984273111,0.787878787878788,1.36363636363636,256,0.292929292929293,0.0491803278688525,7.79055472263868,8,12,19,0.803007889546351,264,0.77857905982906,275,1.73076923076923,9
140_buffalo,140,buffalo,15,3,3,0.0285714285714286,0.4,0.4,12,0.266666666666667,0,1.66666666666667,1.5,2.9,3,0.166666666666667,13,0,12,1,1
145_charlotte,145,charlotte,42,6,6,0.00696864111498258,0.285714285714286,0.285714285714286,36,0.0952380952380952,0,1.66666666666667,1.5,2.9,3,0.5,36,0.5,36,1,1
147_chicago,147,chicago,508,149,88,0.000683346534345929,0.346456692913386,0.586614173228346,429,0.122047244094488,0.118421052631579,7.08038075092544,7,12,17,0.81172520661157,436,0.803331611570248,438,1.69318181818182,9
148_cincinnati,148,cincinnati,17,11,11,0.0808823529411765,1.29411764705882,1.29411764705882,6,0.705882352941177,0,4.33333333333333,4,8,11,0.466942148760331,8,0.483471074380165,8,1,1
149_cleveland,149,cleveland,51,17,13,0.0101960784313725,0.509803921568627,0.666666666666667,38,0.274509803921569,0,4.23076923076923,4,8,11,0.505917159763314,41,0.511834319526627,40,1.30769230769231,3
152_dallas,152,dallas,34,19,13,0.0231729055258467,0.764705882352941,1.11764705882353,21,0.147058823529412,0,2,2,3.1,4,0.745562130177515,21,0.745562130177515,21,1.46153846153846,4
153_denver,153,denver,88,47,21,0.0054858934169279,0.477272727272727,1.06818181818182,67,0.113636363636364,0,2.57777777777778,3,4,5,0.738095238095238,68,0.738095238095238,68,2.23809523809524,6
171_honolulu,171,honolulu,9,2,2,0.0555555555555556,0.444444444444444,0.444444444444444,7,0.333333333333333,0,1.33333333333333,1,2,2,0,7,0,7,1,1
173_houston,173,houston,44,18,15,0.0158562367864693,0.681818181818182,0.818181818181818,29,0.204545454545455,0,2.66666666666667,3,4,5,0.617777777777778,31,0.606666666666667,30,1.2,2
179_kansas-city,179,kansas-city,10,6,5,0.111111111111111,1,1.2,5,0.6,0,2.33333333333333,2,4,5,0.3,6,0,5,1.2,2
189_los-angeles,189,los-angeles,270,236,177,0.00487401900041305,1.31111111111111,1.74814814814815,124,0.496296296296296,0.106194690265487,9.57187745483111,9,16,25,0.801286348111973,133,0.767276325449265,145,1.33333333333333,10
193_miami,193,miami,62,59,35,0.0185087255420413,1.12903225806452,1.90322580645161,30,0.5,0.0652173913043478,6.38064516129032,6,11,17,0.655510204081633,34,0.670204081632653,35,1.68571428571429,5
195_minneapolis,195,minneapolis,161,33,26,0.00201863354037267,0.322981366459627,0.409937888198758,136,0.093167701863354,0.103448275862069,3.80952380952381,4,7,9,0.732988165680473,138,0.743343195266272,138,1.26923076923077,2
199_montreal,199,montreal,81,28,28,0.00864197530864198,0.691358024691358,0.691358024691358,53,0.296296296296296,0,6.85144927536232,6,13,18,0.705994897959184,56,0.703443877551021,57,1,1
201_nashville,201,nashville,7,1,1,0.0476190476190476,0.285714285714286,0.285714285714286,6,0.285714285714286,,1,1,1,1,0,6,0,6,1,1
205_new-orleans,205,new-orleans,351,43,40,0.000651200651200651,0.227920227920228,0.245014245014245,311,0.0769230769230769,0,5.54985754985755,5,10,13,0.7740625,315,0.775,315,1.075,2
206_new-york,206,new-york,1341,1064,422,0.000469687357396463,0.62938105891126,1.5868754660701,957,0.258016405667412,0.0131964809384164,13.2405294462595,13,21,34,0.864372992520384,973,0.821471889670043,1003,2.52132701421801,10
209_oklahoma-city,209,oklahoma-city,22,14,9,0.038961038961039,0.818181818181818,1.27272727272727,15,0.363636363636364,0,2.07142857142857,2,3,4,0.191358024691358,18,0,15,1.55555555555556,2
211_ottawa,211,ottawa,15,10,10,0.0952380952380952,1.33333333333333,1.33333333333333,5,0.733333333333333,0,4,4,8,10,0.455,7,0.465,7,1,1
212_philadelphia,212,philadelphia,540,151,84,0.000577200577200577,0.311111111111111,0.559259259259259,458,0.114814814814815,0.0254237288135593,7.45214172395558,7,13,17,0.817743764172336,465,0.810728458049887,468,1.79761904761905,7
213_phoenix,213,phoenix,58,17,17,0.0102843315184513,0.586206896551724,0.586206896551724,41,0.258620689655172,0,4.99047619047619,4,10,13,0.631487889273356,43,0.634948096885813,43,1,1
215_pittsburgh,215,pittsburgh,296,214,115,0.00263398992212552,0.777027027027027,1.44594594594595,198,0.314189189189189,0.0271493212669683,7.67601683029453,7,14,19,0.765406427221172,204,0.750056710775048,211,1.86086956521739,10
217_portland-united-states,217,portland-united-states,170,60,30,0.00208840932822833,0.352941176470588,0.705882352941177,142,0.152941176470588,0,4.75384615384615,5,8,11,0.659444444444444,146,0.624444444444445,145,2,4
220_raleigh,220,raleigh,14,2,2,0.021978021978022,0.285714285714286,0.285714285714286,12,0.142857142857143,,1,1,1,1,0.5,12,0.5,12,1,1
223_richmond,223,richmond,14,1,1,0.010989010989011,0.142857142857143,0.142857142857143,13,0.142857142857143,,1,1,1,1,0,13,0,13,1,1
225_sacramento,225,sacramento,56,23,16,0.0103896103896104,0.571428571428571,0.821428571428571,40,0.303571428571429,0,4.41176470588235,4,8,11,0.548828125,43,0.537109375,42,1.4375,3
227_st-louis,227,st-louis,39,38,27,0.0364372469635628,1.38461538461538,1.94871794871795,12,0.615384615384615,0,7.25724637681159,7,14,20,0.6920438957476,16,0.697530864197531,16,1.40740740740741,2
228_salt-lake-city,228,salt-lake-city,91,19,15,0.00366300366300366,0.32967032967033,0.417582417582418,76,0.164835164835165,0,3.44761904761905,3,6,8,0.571111111111111,79,0.557777777777778,78,1.26666666666667,3
230_san-diego,230,san-diego,88,109,75,0.0195924764890282,1.70454545454545,2.47727272727273,18,0.590909090909091,0.0681818181818182,9.49924585218703,9,16,24,0.801155555555556,23,0.778044444444444,28,1.45333333333333,4
231_san-francisco,231,san-francisco,65,194,60,0.0288461538461538,1.84615384615385,5.96923076923077,27,0.523076923076923,0.243243243243243,3.61497326203209,3,6,9,0.535555555555556,31,0.499027777777778,32,3.23333333333333,21
233_san-juan,233,san-juan,16,10,10,0.0833333333333333,1.25,1.25,6,0.6875,0,4,4,8,10,0.455,8,0.465,8,1,1
235_savannah,235,savannah,9,1,1,0.0277777777777778,0.222222222222222,0.222222222222222,8,0.222222222222222,,1,1,1,1,0,8,0,8,1,1
236_seattle,236,seattle,92,40,37,0.00883898709985667,0.804347826086957,0.869565217391304,58,0.239130434782609,0.0681818181818182,4.68831168831169,4,8,12,0.756391526661797,61,0.755661066471878,62,1.08108108108108,2
245_tampa,245,tampa,11,2,2,0.0363636363636364,0.363636363636364,0.363636363636364,9,0.272727272727273,0,1.33333333333333,1,2,2,0,9,0,9,1,1
247_toronto,247,toronto,265,308,121,0.00345911949685535,0.913207547169811,2.32452830188679,169,0.30188679245283,0.0746887966804979,5.50379746835443,5,9,14,0.730141383785261,175,0.70982173348815,182,2.54545454545455,11
249_vancouver,249,vancouver,57,65,44,0.0275689223057644,1.54385964912281,2.28070175438597,14,0.526315789473684,0,6.73793103448276,7,12,18,0.732696280991735,18,0.726239669421487,20,1.47727272727273,3
252_washington,252,washington,179,497,160,0.0100433117820601,1.7877094972067,5.55307262569832,76,0.536312849162011,0.212121212121212,5.50921052631579,5,9,14,0.67876953125,84,0.66953125,89,3.10625,13
254_wilmington,254,wilmington,1,0,0,,0,0,1,1,,,,,,,,,,,
255_winnipeg,255,winnipeg,92,34,33,0.00788342092689919,0.717391304347826,0.739130434782609,60,0.358695652173913,0.06,4.6780303030303,5,7,10,0.661157024793388,65,0.651515151515152,67,1.03030303030303,2
256_valencia,256,valencia,252,263,111,0.00350977044204136,0.880952380952381,2.08730158730159,144,0.412698412698413,0.0697674418604651,17.4120612397311,17,31,45,0.822822822822823,153,0.788085382679977,162,2.36936936936937,8
257_sevilla,257,sevilla,73,45,35,0.0133181126331811,0.958904109589041,1.23287671232877,38,0.301369863013699,0,4.72294372294372,5,8,11,0.756734693877551,41,0.744081632653061,43,1.28571428571429,5
258_bilbao,258,bilbao,76,21,18,0.00631578947368421,0.473684210526316,0.552631578947369,58,0.131578947368421,0,3.13333333333333,3,5,7,0.686728395061729,59,0.686728395061728,59,1.16666666666667,2
259_rosario,259,rosario,6,1,1,0.0666666666666667,0.333333333333333,0.333333333333333,5,0.333333333333333,,1,1,1,1,0,5,0,5,1,1
261_concepcion,261,concepcion,66,21,14,0.00652680652680653,0.424242424242424,0.636363636363636,53,0.196969696969697,0,2.71794871794872,3,4,5,0.466836734693878,55,0.395408163265306,55,1.5,4
262_genoa,262,genoa,8,5,5,0.178571428571429,1.25,1.25,3,0.75,0,2.33333333333333,2,4,5,0.26,5,0,3,1,1
263_graz,263,graz,77,17,14,0.00478468899521531,0.363636363636364,0.441558441558442,63,0.155844155844156,0,3.15151515151515,3,5.90000000000001,7,0.589285714285714,65,0.573979591836735,64,1.21428571428571,2
264_zaragoza,264,zaragoza,6,1,1,0.0666666666666667,0.333333333333333,0.333333333333333,5,0.333333333333333,,1,1,1,1,0,5,0,5,1,1
265_nantes,265,nantes,284,276,192,0.00477778330761957,1.35211267605634,1.94366197183099,115,0.545774647887324,0.122033898305085,13.433431085044,13,22,36,0.847941080729167,125,0.809638129340277,140,1.4375,4
266_rennes,266,rennes,67,52,46,0.020805065581185,1.37313432835821,1.55223880597015,24,0.492537313432836,0.0508474576271187,6.64393939393939,7,11,15,0.722826086956522,29,0.710538752362949,31,1.1304347826087,2
267_innsbruck,267,innsbruck,107,90,74,0.0130488450008817,1.38317757009346,1.68224299065421,45,0.542056074766355,0.154411764705882,10.5614035087719,9,22,32,0.741051862673484,51,0.731555880204529,54,1.21621621621622,2
268_san-sebastian,268,san-sebastian,37,35,32,0.0480480480480481,1.72972972972973,1.89189189189189,8,0.810810810810811,0.0681818181818182,6.05057471264368,6,11,17,0.615234375,12,0.6298828125,12,1.09375,2
275_angers,275,angers,68,53,34,0.0149253731343284,1,1.55882352941176,38,0.455882352941176,0.12,6.35698924731183,6,12,18,0.644463667820069,44,0.644463667820069,44,1.55882352941176,4
280_clermont-ferrand,280,clermont-ferrand,6,6,3,0.2,1,2,3,0.666666666666667,0,1.66666666666667,1.5,2.9,3,0.166666666666667,4,0,3,2,2
283_besancon,283,besancon,2,2,1,1,1,2,1,1,,1,1,1,1,0,1,0,1,2,2
286_grenoble,286,grenoble,169,93,58,0.00408565793181178,0.686390532544379,1.10059171597633,121,0.242603550295858,0.159574468085106,5.65365853658537,6,9,12,0.751783590963139,126,0.742419738406659,128,1.60344827586207,4
293_brest,293,brest,56,9,7,0.00454545454545455,0.25,0.321428571428571,50,0.107142857142857,0.375,1.93333333333333,2,3,4,0.377551020408163,51,0.244897959183674,50,1.28571428571429,2
294_le-mans,294,le-mans,70,93,51,0.0211180124223602,1.45714285714286,2.65714285714286,23,0.685714285714286,0.0895522388059701,11.2695035460993,10,21,32,0.735870818915802,30,0.728950403690888,31,1.82352941176471,4
300_montpellier,300,montpellier,171,136,79,0.00543515651874785,0.923976608187134,1.5906432748538,105,0.380116959064327,0.110294117647059,8.01346153846154,7,14,23,0.743550713026759,112,0.728088447364205,115,1.72151898734177,4
305_dijon,305,dijon,67,28,22,0.0099502487562189,0.656716417910448,0.835820895522388,48,0.298507462686567,0.0789473684210526,3.85789473684211,4,7,8,0.544421487603306,51,0.548553719008265,51,1.27272727272727,2
307_tours,307,tours,62,27,21,0.0111052353252247,0.67741935483871,0.870967741935484,44,0.306451612903226,0.206896551724138,5.17543859649123,5,10,13,0.590702947845805,47,0.590702947845805,47,1.28571428571429,2
308_orleans,308,orleans,9,16,9,0.25,2,3.55555555555556,1,1,0.214285714285714,2.38888888888889,2,4,5,0.364197530864198,2,0.364197530864198,2,1.77777777777778,4
310_rouen,310,rouen,58,34,24,0.014519056261343,0.827586206896552,1.17241379310345,36,0.362068965517241,0,3.5952380952381,4,6,7,0.586805555555556,39,0.586805555555556,39,1.41666666666667,3
317_mulhouse,317,mulhouse,72,80,33,0.0129107981220657,0.916666666666667,2.22222222222222,43,0.305555555555556,0,5.35497835497836,5,10,14,0.664370982552801,46,0.687786960514233,47,2.42424242424242,6
318_nancy,318,nancy,53,37,26,0.0188679245283019,0.981132075471698,1.39622641509434,28,0.39622641509434,0.107142857142857,7.02857142857143,6,14,18,0.673816568047337,32,0.673816568047337,32,1.42307692307692,2
324_nice,324,nice,34,14,11,0.0196078431372549,0.647058823529412,0.823529411764706,23,0.352941176470588,0,3.60606060606061,3.5,6,8,0.483471074380165,25,0.483471074380165,25,1.27272727272727,2
325_toulouse,325,toulouse,73,80,52,0.0197869101978691,1.42465753424658,2.19178082191781,23,0.616438356164384,0,8.22727272727273,8,15,22,0.718934911242604,27,0.712278106508876,31,1.53846153846154,4
327_lille,327,lille,35,31,21,0.0352941176470588,1.2,1.77142857142857,16,0.428571428571429,0.181818181818182,3.08571428571429,3,5,7,0.596371882086168,20,0.596371882086168,20,1.47619047619048,4
331_le-havre,331,le-havre,46,28,14,0.0135265700483092,0.608695652173913,1.21739130434783,33,0.304347826086957,0,3.54945054945055,3,6,8,0.461734693877551,35,0.517857142857143,36,2,4
336_alicante,336,alicante,10,18,6,0.133333333333333,1.2,3.6,5,0.4,0.6,1.66666666666667,1.5,2.9,3,0.5,5,0.5,5,3,7
338_neuquen,338,neuquen,15,2,2,0.019047619047619,0.266666666666667,0.266666666666667,13,0.133333333333333,,1,1,1,1,0.5,13,0.5,13,1,1
339_quito,339,quito,15,4,4,0.0380952380952381,0.533333333333333,0.533333333333333,11,0.333333333333333,0,2,2,3.1,4,0.21875,12,0,11,1,1
340_pune,340,pune,77,14,14,0.00478468899521531,0.363636363636364,0.363636363636364,63,0.0779220779220779,0,2.33333333333333,2,4,5,0.755102040816327,63,0.755102040816327,63,1,1
341_doha,341,doha,69,28,26,0.0110826939471441,0.753623188405797,0.811594202898551,46,0.173913043478261,0.0882352941176471,3.1969696969697,3,6,7,0.702662721893491,48,0.702662721893491,48,1.07692307692308,2
342_istanbul,342,istanbul,375,83,78,0.00111229946524064,0.416,0.442666666666667,298,0.12,0,7.96565656565657,8,14,19,0.855933596318211,303,0.846236028928337,305,1.06410256410256,2
344_bergen,344,bergen,28,4,4,0.0105820105820106,0.285714285714286,0.285714285714286,24,0.107142857142857,0,1.33333333333333,1,2,2,0.5,24,0.5,24,1,1
345_izmir,345,izmir,131,31,25,0.00293599530240752,0.381679389312977,0.473282442748092,106,0.0763358778625954,0,2.86666666666667,3,5,6,0.744,108,0.744,108,1.24,4
346_bursa,346,bursa,81,36,29,0.00895061728395062,0.716049382716049,0.888888888888889,52,0.333333333333333,0,7.69230769230769,7,14,20,0.683709869203329,56,0.695600475624257,56,1.24137931034483,2
347_antalya,347,antalya,81,6,5,0.00154320987654321,0.123456790123457,0.148148148148148,76,0.037037037037037,0,1.33333333333333,1,2,2,0.64,76,0.64,76,1.2,2
348_adana,348,adana,13,7,7,0.0897435897435897,1.07692307692308,1.07692307692308,6,0.615384615384615,0,3,3,5.5,7,0.377551020408163,8,0.357142857142857,7,1,1
350_kocaeli,350,kocaeli,29,5,5,0.0123152709359606,0.344827586206897,0.344827586206897,24,0.137931034482759,0,1.66666666666667,1.5,2.9,3,0.56,24,0.56,24,1,1
351_eskisehir,351,eskisehir,80,48,22,0.0069620253164557,0.55,1.2,58,0.2875,0,4.37154150197628,4,7,9,0.603305785123967,62,0.612603305785124,62,2.18181818181818,5
352_norfolk,352,norfolk,11,1,1,0.0181818181818182,0.181818181818182,0.181818181818182,10,0.181818181818182,,1,1,1,1,0,10,0,10,1,1
353_dhaka,353,dhaka,17,2,2,0.0147058823529412,0.235294117647059,0.235294117647059,15,0.176470588235294,0,1.33333333333333,1,2,2,0,15,0,15,1,1
354_rotterdam-the-hague,354,rotterdam-the-hague,4,17,4,0.666666666666667,2,8.5,1,1,0,1.33333333333333,1,2,2,0,2,0,1,4.25,5
356_seoul,356,seoul,876,170,123,0.000320939334637965,0.280821917808219,0.388127853881279,754,0.0684931506849315,0,6.97457627118644,7,11,16,0.890508295326855,758,0.88214687024919,762,1.38211382113821,5
357_busan,357,busan,160,17,17,0.00133647798742138,0.2125,0.2125,143,0.05,0,3,3,5.5,7,0.752595155709342,144,0.726643598615917,143,1,1
358_taipei,358,taipei,243,45,41,0.00139441553582968,0.337448559670782,0.37037037037037,202,0.0864197530864198,0,5.34285714285714,5,10,14,0.818857822724569,205,0.819452706722189,205,1.09756097560976,2
359_macau,359,macau,17,4,4,0.0294117647058824,0.470588235294118,0.470588235294118,13,0.176470588235294,0,1.33333333333333,1,2,2,0.625,13,0.625,13,1,1
361_tegal,361,tegal,65,55,55,0.0264423076923077,1.69230769230769,1.69230769230769,10,0.353846153846154,0,6.57707509881423,6,12,17,0.829256198347108,12,0.795206611570248,17,1,1
362_changchun,362,changchun,2,1,1,1,1,1,1,1,,1,1,1,1,0,1,0,1,1,1
363_changsha,363,changsha,149,11,11,0.000997641937239253,0.147651006711409,0.147651006711409,138,0.0335570469798658,0,2,2,3.1,4,0.776859504132231,138,0.776859504132232,138,1,1
364_chengdu,364,chengdu,444,45,43,0.000437231814206984,0.193693693693694,0.202702702702703,401,0.0225225225225225,0,3.24444444444444,3,6,7,0.880475932936723,401,0.879123850730124,402,1.04651162790698,2
365_dalian,365,dalian,100,28,28,0.00565656565656566,0.56,0.56,72,0.11,0,3.74545454545455,3,7,9,0.780612244897959,74,0.783163265306122,74,1,1
366_dongguan,366,dongguan,15,0,0,0,0,0,15,0.0666666666666667,,,,,,,,,,,
367_fuzhou,367,fuzhou,64,13,13,0.0064484126984127,0.40625,0.40625,51,0.15625,0,3.66666666666667,3,7,9,0.618343195266272,53,0.624260355029586,52,1,1
368_guiyang,368,guiyang,55,10,10,0.00673400673400673,0.363636363636364,0.363636363636364,45,0.0909090909090909,0,2,2,3.1,4,0.66,45,0.66,45,1,1
369_hangzhou,369,hangzhou,355,42,41,0.000652502586138299,0.230985915492958,0.236619718309859,314,0.0225352112676056,0,3,3,5.5,7,0.908982748364069,314,0.908982748364069,314,1.02439024390244,2
370_harbin,370,harbin,77,9,9,0.00307587149692413,0.233766233766234,0.233766233766234,69,0.0779220779220779,0,1.8,2,3,3,0.444444444444444,69,0.444444444444444,69,1,1
373_jinan,373,jinan,43,7,7,0.00775193798449612,0.325581395348837,0.325581395348837,36,0.0930232558139535,0,1.66666666666667,1.5,2.9,3,0.653061224489796,36,0.653061224489796,36,1,1
375_kunming,375,kunming,115,26,26,0.00396643783371472,0.452173913043478,0.452173913043478,89,0.121739130434783,0,4.78021978021978,4,9,12,0.715976331360947,92,0.715976331360947,92,1,1
376_lanzhou,376,lanzhou,20,2,2,0.0105263157894737,0.2,0.2,18,0.15,0,1.33333333333333,1,2,2,0,18,0,18,1,1
379_qingdao,379,qingdao,285,30,30,0.000741289844329133,0.210526315789474,0.210526315789474,255,0.0245614035087719,0,2.38095238095238,2,4,5,0.891111111111111,255,0.891111111111112,255,1,1
380_shenyang,380,shenyang,92,7,7,0.00167224080267559,0.152173913043478,0.152173913043478,85,0.0434782608695652,0,1.66666666666667,1.5,2.9,3,0.693877551020408,85,0.693877551020408,85,1,1
381_shenzhen,381,shenzhen,448,96,94,0.000938798338127197,0.419642857142857,0.428571428571429,354,0.0491071428571429,0,5.60606060606061,5,10,14,0.887505658669081,356,0.863682661837935,362,1.02127659574468,3
382_shijiazhuang,382,shijiazhuang,63,8,8,0.00409626216077829,0.253968253968254,0.253968253968254,55,0.126984126984127,0,2.28571428571429,2,3.5,4,0.4140625,57,0.21875,55,1,1
383_taiyuan,383,taiyuan,46,2,2,0.00193236714975845,0.0869565217391304,0.0869565217391304,44,0.0434782608695652,,1,1,1,1,0.5,44,0.5,44,1,1
384_tianjin,384,tianjin,324,72,71,0.00135687803386462,0.438271604938272,0.444444444444444,253,0.0617283950617284,0,5.83684210526316,5,11,16,0.863122396349931,256,0.859055742908153,257,1.01408450704225,2
385_wenzhou,385,wenzhou,18,5,5,0.0326797385620915,0.555555555555556,0.555555555555556,13,0.222222222222222,0,1.66666666666667,1.5,2.9,3,0.48,13,0.48,13,1,1
386_wuhan,386,wuhan,308,34,34,0.000719150556284107,0.220779220779221,0.220779220779221,274,0.0357142857142857,0,2.83636363636364,3,5,6,0.824826989619377,275,0.824826989619377,275,1,1
387_xiamen,387,xiamen,71,5,5,0.00201207243460765,0.140845070422535,0.140845070422535,66,0.0422535211267606,0,1.33333333333333,1,2,2,0.72,66,0.72,66,1,1
390_zhengzhou,390,zhengzhou,282,47,47,0.00118623962040332,0.333333333333333,0.333333333333333,236,0.0567375886524823,0,4.175,4,8,10,0.860344047080127,237,0.853327297419647,238,1,1
393_turin,393,turin,23,7,7,0.0276679841897233,0.608695652173913,0.608695652173913,16,0.347826086956522,0,3,3,5.5,7,0.357142857142857,17,0.357142857142857,17,1,1
394_chennai,394,chennai,51,25,25,0.0196078431372549,0.980392156862745,0.980392156862745,26,0.313725490196078,0,5.66666666666667,5,11,15,0.688,29,0.6928,29,1,1
395_malaga,395,malaga,49,46,36,0.0306122448979592,1.46938775510204,1.87755102040816,15,0.571428571428571,0.0638297872340426,6.27777777777778,6,12,16,0.736882716049383,19,0.737654320987654,19,1.27777777777778,2
398_jaipur,398,jaipur,11,2,2,0.0363636363636364,0.363636363636364,0.363636363636364,9,0.272727272727273,0,1.33333333333333,1,2,2,0,9,0,9,1,1
400_valladolid,400,valladolid,5,0,0,0,0,0,5,0.2,,,,,,,,,,,
401_segovia,401,segovia,6,1,1,0.0666666666666667,0.333333333333333,0.333333333333333,5,0.333333333333333,,1,1,1,1,0,5,0,5,1,1
402_hyderabad,402,hyderabad,59,41,41,0.0239625949736996,1.38983050847458,1.38983050847458,18,0.711864406779661,0,9.9082462253194,10,18,26,0.701963117192148,24,0.703152885187388,25,1,1
407_tel-aviv,407,tel-aviv,34,2,2,0.0035650623885918,0.117647058823529,0.117647058823529,32,0.0588235294117647,,1,1,1,1,0.5,32,0.5,32,1,1
408_kaohsiung,408,kaohsiung,69,16,16,0.00682011935208866,0.463768115942029,0.463768115942029,53,0.188405797101449,0,4.66666666666667,4,9,12,0.658203125,55,0.662109375,55,1,1
409_bangalore,409,bangalore,118,19,19,0.00275242648124004,0.322033898305085,0.322033898305085,99,0.0593220338983051,0,2.66666666666667,2,5,6,0.775623268698061,99,0.775623268698061,99,1,1
410_kanpur,410,kanpur,14,2,2,0.021978021978022,0.285714285714286,0.285714285714286,12,0.214285714285714,0,1.33333333333333,1,2,2,0,12,0,12,1,1
411_ahmedabad,411,ahmedabad,53,12,12,0.00870827285921626,0.452830188679245,0.452830188679245,41,0.150943396226415,0,3,3,5.5,7,0.628472222222222,42,0.628472222222222,42,1,1
412_daegu,412,daegu,89,10,10,0.00255362614913177,0.224719101123596,0.224719101123596,79,0.0898876404494382,0,3,3,5.5,7,0.585,81,0.605,80,1,1
413_dubai,413,dubai,75,25,25,0.00900900900900901,0.666666666666667,0.666666666666667,51,0.173333333333333,0,3.28205128205128,3,6,7,0.7008,53,0.704,53,1,1
414_minsk,414,minsk,36,16,16,0.0253968253968254,0.888888888888889,0.888888888888889,20,0.277777777777778,0,3.66666666666667,3,7,9,0.58203125,22,0.61328125,22,1,1
415_kiev,415,kiev,52,32,32,0.024132730015083,1.23076923076923,1.23076923076923,20,0.269230769230769,0,5,4,10,13,0.759765625,22,0.76171875,23,1,1
416_xian,416,xian,275,30,30,0.00079628400796284,0.218181818181818,0.218181818181818,245,0.0363636363636364,0,3.4,3,6,8,0.860555555555556,246,0.860555555555556,246,1,1
417_ningbo,417,ningbo,201,25,25,0.00124378109452736,0.248756218905473,0.248756218905473,176,0.0298507462686567,0,2.33333333333333,2,4,5,0.8448,176,0.8448,176,1,1
418_hefei,418,hefei,209,15,15,0.000690099374309901,0.143540669856459,0.143540669856459,194,0.0191387559808612,0,1.66666666666667,1.5,2.9,3,0.871111111111111,194,0.871111111111111,194,1,1
419_hanoi,419,hanoi,24,2,2,0.0072463768115942,0.166666666666667,0.166666666666667,22,0.0833333333333333,,1,1,1,1,0.5,22,0.5,22,1,1
420_suzhou,420,suzhou,330,33,31,0.000571060145528231,0.187878787878788,0.2,299,0.0363636363636364,0,3.40909090909091,3,6,8,0.802289281997919,301,0.802289281997919,301,1.06451612903226,2
422_pereira,422,pereira,2,0,0,0,0,0,2,0.5,,,,,,,,,,,
424_lahore,424,lahore,52,5,5,0.00377073906485671,0.192307692307692,0.192307692307692,47,0.0961538461538462,0,2,2,3.1,4,0.42,48,0.32,47,1,1
426_islamabad,426,islamabad,32,2,2,0.00403225806451613,0.125,0.125,30,0.09375,0,1.33333333333333,1,2,2,0,30,0,30,1,1
432_palermo,432,palermo,29,5,4,0.00985221674876847,0.275862068965517,0.344827586206897,25,0.137931034482759,0,1.5,1.5,2,2,0.375,25,0.375,25,1.25,2
433_catania,433,catania,68,22,19,0.00834064969271291,0.558823529411765,0.647058823529412,49,0.294117647058824,0,5.20526315789474,5,9,14,0.580332409972299,52,0.580332409972299,52,1.15789473684211,2
438_palma,438,palma,38,15,6,0.0085348506401138,0.315789473684211,0.789473684210526,32,0.157894736842105,0,2.06666666666667,2,3,4,0.402777777777778,34,0.277777777777778,32,2.5,5
442_tarragona,442,tarragona,14,1,1,0.010989010989011,0.142857142857143,0.142857142857143,13,0.142857142857143,,1,1,1,1,0,13,0,13,1,1
445_granada,445,granada,26,1,1,0.00307692307692308,0.0769230769230769,0.0769230769230769,25,0.0769230769230769,,1,1,1,1,0,25,0,25,1,1
446_cadiz,446,cadiz,37,8,7,0.0105105105105105,0.378378378378378,0.432432432432432,31,0.108108108108108,0.5,1.33333333333333,1,2,2,0.571428571428571,31,0.571428571428572,31,1.14285714285714,2
456_taichung,456,taichung,19,6,5,0.0292397660818713,0.526315789473684,0.631578947368421,14,0.315789473684211,0,2.33333333333333,2,4,5,0.26,16,0,14,1.2,2
459_thessaloniki,459,thessaloniki,113,28,18,0.00284450063211125,0.31858407079646,0.495575221238938,97,0.079646017699115,0.130434782608696,2.77777777777778,3,5,6,0.665123456790123,98,0.665123456790123,98,1.55555555555556,3
460_ho-chi-minh-city,460,ho-chi-minh-city,24,2,2,0.0072463768115942,0.166666666666667,0.166666666666667,22,0.125,0,1.33333333333333,1,2,2,0,22,0,22,1,1
461_bhopal,461,bhopal,8,0,0,0,0,0,8,0.125,,,,,,,,,,,
462_baku,462,baku,31,22,17,0.0365591397849462,1.09677419354839,1.41935483870968,14,0.387096774193548,0,3.95454545454545,4,7,10,0.666089965397924,16,0.673010380622837,16,1.29411764705882,2
463_porto,463,porto,94,15,11,0.00251658659345687,0.234042553191489,0.319148936170213,83,0.0638297872340426,0,2.13333333333333,2,4,4,0.65702479338843,84,0.644628099173554,83,1.36363636363636,3
464_nagpur,464,nagpur,37,5,5,0.00750750750750751,0.27027027027027,0.27027027027027,32,0.162162162162162,0,1.86666666666667,2,3,3,0.22,33,0,32,1,1
466_lucknow,466,lucknow,21,3,3,0.0142857142857143,0.285714285714286,0.285714285714286,18,0.19047619047619,0,1.66666666666667,1.5,2.9,3,0.166666666666667,19,0,18,1,1
467_agra,467,agra,11,1,1,0.0181818181818182,0.181818181818182,0.181818181818182,10,0.181818181818182,,1,1,1,1,0,10,0,10,1,1
468_indore,468,indore,23,2,2,0.00790513833992095,0.173913043478261,0.173913043478261,21,0.130434782608696,0,1.33333333333333,1,2,2,0,21,0,21,1,1
470_yerevan,470,yerevan,10,5,5,0.111111111111111,1,1,5,0.6,0,2.13333333333333,2,4,4,0.3,6,0,5,1,1
474_mashhad,474,mashhad,45,9,9,0.00909090909090909,0.4,0.4,36,0.177777777777778,0,2.39285714285714,2,4,5,0.512345679012346,38,0.512345679012346,37,1,1
477_pozna,477,pozna,128,38,21,0.00258366141732283,0.328125,0.59375,108,0.125,0.103448275862069,3.34166666666667,3,6,8,0.642857142857143,111,0.636054421768707,109,1.80952380952381,6
485_tampere,485,tampere,59,36,35,0.0204558737580362,1.1864406779661,1.22033898305085,24,0.576271186440678,0,10.0998217468806,9,20,29,0.695918367346939,30,0.697551020408163,30,1.02857142857143,2
